18,,,
1qwerr,PN,Nintendo Switch,299.99
2gqywh,PN,Xbox One,499.99
3gshuw,PN,Celeste (Digital Copy),20.99
4bxwvn,PN,Doritos,2.99
agdy63b,PG,Apple Store,
b51fv72,PG,Nintendo eShop,
c26bd7h,PG,Fortnite V-Bucks,
d018fhs,PG,Xbox Live,
5bs281n,PU,Wipeout,4.99
6zb17db,PU,PlayStation 3,79.99
7js2t8hw,PU,Nintendo DS Lite,40.99
8anb251,PU,Nintendo Wii,39.99
9sna2nd,SV,Gamer Gunk Removal,79.99
e2xb16h,SV,Professional LARPer,130.99
fb25bsa,SV,Tech Help,1.99
gva15vz,SB,PlayStation Plus,59.99
h17avnx,SB,Edge magazine,39.99
i16anmw,SB,Loot Gaming Box,311.41
